Keyword,検索回数の合計,Area,Genre,Conditions
新宿,1156,市区郡から探す＞東京都から探す＞新宿区,,tokyo-searchfromcitycounty/shinjukuward
池袋,990,路線・駅から探す＞山手線の駅名から探す＞池袋駅,,station/2431
八王子,786,市区郡から探す＞八王子市,,tokyo-searchfromcitycounty/hachiojicity
渋谷,665,市区郡から探す＞東京都から探す＞渋谷区,,tokyo-searchfromcitycounty/shibuyaward
有楽町,665,路線・駅から探す＞山手線の駅名から探す＞有楽町駅,,station/2443
東京駅,663,路線・駅から探す＞山手線の駅名から探す＞東京駅,,station/2417
武蔵小杉,615,路線・駅から探す＞南部線の駅名から探す＞武蔵小杉駅,,station/3087
天王寺,599,市区郡から探す＞大阪府から探す＞大阪市,,osaka/osaka-shi
横浜,596,路線・駅から探す＞東海道本線の駅名から探す＞横浜駅,,station/3066
札幌,585,市区郡から探す＞北海道から探す＞札幌市,,hokkaido/sapporo
鹿児島市,581,市区郡から探す＞鹿児島から探す＞鹿児島市,,kagoshima/kagoshima-shi
町田,577,市区郡から探す＞東京都から探す＞町田市,,tokyo-searchfromcitycounty/machida-shi
吉祥寺,556,路線・駅から探す＞総武本線の駅名から探す＞吉祥寺駅,,station/2495
柏,550,市区郡から探す＞千葉県から探す＞柏市,,chiba/kashiwa-shi
西葛西,537,路線・駅から探す＞東京メトロ東西線の駅名から探す＞西葛西駅,,station/2615
川崎,532,市区郡から探す＞神奈川県から探す＞川崎市,,kanagawa/kawasakicity
姫路,512,市区郡から探す＞兵庫県から探す＞姫路市,,hyogo/himejicity
自由が丘,505,路線・駅から探す＞東急東横線の駅名から探す＞自由が丘駅,,station/2949
大宮,501,市区郡から探す＞埼玉県から探す＞さいたま市大宮区,,saitama/saitamacityomiyaku
チーズケーキ,493,,誕生日ケーキ・ホールケーキ＞チーズケーキ,genre_id=17
立川,480,市区郡から探す＞東京都から探す＞立川市,,tokyo-searchfromcitycounty/tachikawa
枚方市,476,市区郡から探す＞大阪府から探す＞枚方市,,osaka/hirakata
タルト,461,,誕生日ケーキ・ホールケーキ＞タルト,genre_id=20
枚方,456,市区郡から探す＞大阪府から探す＞枚方市,,osaka/hirakata
川口,433,市区郡から探す＞埼玉県から探す＞川口市,,saitama/kawaguchicity
西宮,416,市区郡から探す＞兵庫県から探す＞西宮市,,hyogo/nishinomiya
赤羽,380,市区郡から探す＞東京都から探す＞北区,,tokyo-searchfromcitycounty/kita-ku
所沢,372,市区郡から探す＞埼玉県から探す＞所沢市,,saitama/tokorozawa
浅草,356,市区郡から探す＞東京都から探す＞台東区,,tokyo-searchfromcitycounty/taito
春日部,344,市区郡から探す＞埼玉県から探す＞春日部市,,saitama/kasukabe
川越,341,市区郡から探す＞埼玉県から探す＞川越市,,saitama/kawagoe-shi
鷺沼,333,路線・駅から探す＞東急田園都市線の駅名から探す＞鷺沼駅,,station/3264
藤沢,332,市区郡から探す＞神奈川県から探す＞藤沢市,,kanagawa/fujisawa
横浜駅,329,路線・駅から探す＞東海道本線の駅名から探す＞横浜駅,,station/3066
大阪,324,市区郡から探す＞大阪府から探す＞全て,,osaka
越谷,323,市区郡から探す＞埼玉県から探す＞越谷市,,saitama/koshigaya
国分寺,323,市区郡から探す＞東京都から探す＞国分寺市,,tokyo-searchfromcitycounty/kokubunji
上野,323,エリアから探す＞東京都から探す＞上野・浅草・日暮里,,tokyo-citycenter/ueno-asakusa-nippori
松戸,322,市区郡から探す＞千葉県から探す＞松戸市,,chiba/matsudo-shi
上大岡,318,市区郡から探す＞神奈川県から探す＞横浜市港南区,,kanagawa/yokohama-shikonan-ku
尼崎,316,市区郡から探す＞兵庫県から探す＞尼崎市,,hyogo/amagasaki
大阪市,309,市区郡から探す＞大阪府から探す＞大阪市,,osaka/osaka-shi
新宿駅,303,路線・駅から探す＞山手線＞新宿駅,,station/2427
五反田,298,路線・駅から探す＞山手線＞五反田駅,,station/2421
東京,298,市区郡から探す＞東京都から探す＞全て,,tokyo-searchfromcitycounty
堺市,297,市区郡から探す＞東京都から探す＞全て,,osaka/sakai
練馬区,287,市区郡から探す＞東京都から探す＞練馬区,,tokyo-searchfromcitycounty/nerima-ku
船橋,286,市区郡から探す＞東京都から探す＞練馬区,,chiba/funabashi
足立区,286,市区郡から探す＞東京都から探す＞足立区,,tokyo-searchfromcitycounty/adachi-ku
九品仏,276,路線・駅から探す＞東急大井町線の駅名から探す＞九品仏駅,,station/2981
品川,270,市区郡から探す＞東京都から探す＞品川区,,tokyo-searchfromcitycounty/shinagawa-ku
名古屋市,270,市区郡から探す＞愛知県から探す＞名古屋市,,aichi/nagoyacity
名古屋,267,市区郡から探す＞愛知県から探す＞名古屋市,,aichi/nagoyacity
モンブラン,266,,誕生日ケーキ・ホールケーキ＞モンブラン,genre_id=18
さいたま市北区,262,市区郡から探す＞埼玉県から探す＞さいたま市北区,,saitama/saitama-shikita-ku
川口市,259,市区郡から探す＞埼玉県から探す＞川口市,,saitama/kawaguchicity
江戸川区,253,市区郡から探す＞東京都から探す＞江戸川区,,tokyo-searchfromcitycounty/edogawa-ku
豊中,252,市区郡から探す＞大阪府から探す＞豊中市,,osaka/toyonaka
相模原市,251,市区郡から探す＞神奈川県から探す＞相模原市,,kanagawa/sagamiharacity
福岡市,251,市区郡から探す＞福岡県から探す＞福岡市,,fukuoka/fukuokacity
ホールケーキ,247,,誕生日ケーキ・ホールケーキ＞全て,genre_id=1
鎌倉,246,市区郡から探す＞神奈川県から探す＞鎌倉市,,kanagawa/kamakuracity
水戸市,245,市区郡から探す＞茨城県から探す＞水戸市,,ibaraki/mitocity
玉川学園前,244,路線・駅から探す＞小田急小田原線の駅名から探す＞玉川学園前駅,,station/2941
宇都宮,243,市区郡から探す＞栃木県から探す＞宇都宮市,,tochigi/utsunomiya-shi
八千代市,239,市区郡から探す＞千葉から探す＞八代市,,chiba/yachiyo
つくば,237,市区郡から探す＞茨城県から探す＞つくば市,,ibaraki/tsukubacity
帯広,236,市区郡から探す＞北海道から探す＞帯広市,,hokkaido/obihiro
誕生日ケーキ,235,,誕生日ケーキ・ホールケーキ＞全て,genre_id=1
豊中市,231,市区郡から探す＞大阪府から探す＞豊中市,,osaka/toyonaka
柏市,230,市区郡から探す＞千葉県から探す＞柏市,,chiba/kashiwa-shi
豊田市,230,市区郡から探す＞愛知県から探す＞豊田市,,aichi/toyota-shi
札幌市,229,市区郡から探す＞北海道から探す＞札幌市,,hokkaido/sapporo
平塚,225,市区郡から探す＞神奈川県から探す＞平塚市,,kanagawa/hiratsuka
久喜,224,市区郡から探す＞埼玉県から探す＞久喜市,,saitama/kuki
港区,221,市区郡から探す＞東京都から探す＞港区,,tokyo-searchfromcitycounty/minato-ku
岸和田,220,市区郡から探す＞大阪府から探す＞岸和田市,,osaka/kishiwadacity
花小金井,219,路線・駅から探す＞西武新宿線の駅名から探す＞花小金井駅,,station/2826
海老名,218,市区郡から探す＞神奈川県から探す＞海老名市,,kanagawa/ebinacity
西宮市,218,市区郡から探す＞兵庫県から探す＞西宮市,,hyogo/nishinomiya
相模原,218,市区郡から探す＞神奈川県から探す＞相模原市,,kanagawa/sagamiharacity
クリスマスケーキ,214,,クリスマスケーキ＞全て,genre_id=48
キャラクター,211,,誕生日ケーキ・ホールケーキ＞写真・プリントケーキ,genre_id=395
浜松市,206,市区郡から探す＞静岡県から探す＞浜松市,,shizuoka/hamamatsu
シフォンケーキ,204,,誕生日ケーキ・ホールケーキ＞シフォンケーキ,genre_id=16
東海市,204,市区郡から探す＞愛知県から探す＞東海市,,aichi/tokaicity
緑区,203,市区郡から探す＞神奈川県から探す＞横浜市緑区,,kanagawa/yokohamacitygreenarea
千葉市,201,市区郡から探す＞千葉県から探す＞千葉市,,chiba/chiba-shi
明石,201,市区郡から探す＞兵庫県から探す＞明石市,,hyogo/akashi-shi
水戸,199,市区郡から探す＞茨城県から探す＞水戸市,,ibaraki/mitocity
東久留米,196,市区郡から探す＞東京都から探す＞東久留米市,,tokyo-searchfromcitycounty/higokurumecity
恵比寿,191,エリアから探す＞東京都から探す＞渋谷・恵比寿・代官山,,tokyo-citycenter/shibuyaebisudaikanyama
秦野,191,市区郡から探す＞神奈川県から探す＞秦野市,,kanagawa/hatano
川崎駅,191,路線・駅から探す＞京浜東北線の駅名から探す＞川崎駅,,station/3065
墨田区,190,市区郡から探す＞東京都から探す＞墨田区,,tokyo-searchfromcitycounty/sumida-ku
ロールケーキ,189,,誕生日ケーキ・ホールケーキ＞ロールケーキ,genre_id=19
加古川,189,市区郡から探す＞兵庫県から探す＞加古川市,,hyogo/kakogawa
調布,189,市区郡から探す＞東京都から探す＞調布市,,tokyo-searchfromcitycounty/chofu
新潟市,188,市区郡から探す＞新潟県から探す＞新潟市,,niigata/niigatacity
東村山,186,市区郡から探す＞東京都から探す＞東村山市,,tokyo-searchfromcitycounty/higashimurayamacity
文京区,186,市区郡から探す＞東京都から探す＞文京区,,tokyo-searchfromcitycounty/bunkyoku
ストロベリーショートケーキ,184,,ショートケーキ＞イチゴ・ベリー,genre_id=199
宇都宮市,182,市区郡から探す＞栃木県から探す＞宇都宮市,,tochigi/utsunomiya-shi
葛飾区,181,市区郡から探す＞東京都から探す＞葛飾区,,tokyo-searchfromcitycounty/katsushika
泉佐野,181,市区郡から探す＞大阪府から探す＞泉佐野市,,osaka/izumisano
神戸市,180,市区郡から探す＞兵庫県＞神戸市,,hyogo/kobecity
浜松,180,市区郡から探す＞静岡県＞浜松市,,shizuoka/hamamatsu
豊洲,180,市区郡から探す＞東京都＞江東区,,tokyo-searchfromcitycounty/kotoward
高崎市,179,市区郡から探す＞群馬県＞高崎市,,gunma/takasaki
成増,179,市区郡から探す＞東京都＞板橋区,,tokyo-searchfromcitycounty/itabashi-ku
静岡市,179,市区郡から探す＞静岡県＞静岡市,,shizuoka/shizuokacity
北九州,179,市区郡から探す＞福岡県＞北九州市,,fukuoka/kitakyushu
大田区,177,市区郡から探す＞東京都＞大田区,,tokyo-searchfromcitycounty/ota-ku
江東区,176,市区郡から探す＞東京都＞江東区,,tokyo-searchfromcitycounty/kotoward
茨木市,175,市区郡から探す＞大阪府＞茨木市,,osaka/ibaraki-shi
十三,175,市区郡から探す＞大阪府＞大阪市,,osaka/osaka-shi
戸塚,174,市区郡から探す＞神奈川県＞戸塚区,,kanagawa/yokohama-shitotsuka-ku
小田原,174,市区郡から探す＞神奈川県＞小田原市,,kanagawa/odawaracity
八尾,174,市区郡から探す＞大阪府＞八尾市,,osaka/yaoshi
成田,173,市区郡から探す＞千葉県＞成田市,,chiba/narita-shi
上尾,172,市区郡から探す＞埼玉県＞上尾市,,saitama/ageo
吹田,172,市区郡から探す＞大阪府＞吹田市,,osaka/suita-shi
春日井市,171,市区郡から探す＞愛知県＞春日井市,,aichi/kasugai
奈良,171,市区郡から探す＞奈良県＞全て,,nara
ガトーショコラ,170,,誕生日ケーキ・ホールケーキ＞チョコレートケーキ＞ガトーショコラ,genre_id=203
三宮,170,市区郡から探す＞兵庫県＞神戸市,,hyogo/kobecity
相模大野,169,市区郡から探す＞神奈川県＞相模原市,,kanagawa/sagamiharacity
芦屋,168,市区郡から探す＞兵庫県＞芦屋市,,hyogo/ashiya-shi
狛江,168,市区郡から探す＞東京都＞狛江市,,tokyo-searchfromcitycounty/komae
市川,168,市区郡から探す＞千葉県＞市川市,,chiba/ichigawacity
練馬,168,市区郡から探す＞東京都＞練馬区,,tokyo-searchfromcitycounty/nerima-ku
秋葉原,167,市区郡から探す＞東京都＞台東区,,tokyo-searchfromcitycounty/taito
バースデーケーキ,164,,誕生日ケーキ・ホールケーキ,genre_id=1
伊丹,164,市区郡から探す＞兵庫県＞伊丹市,,hyogo/itami-shi
石神井公園,164,路線・駅から探す＞東京都＞西武池袋線＞石神井公園駅,,station/2804
大津市,164,市区郡から探す＞滋賀県＞大津市,,shiga/otsu
大阪駅,163,路線・駅から探す＞大阪府＞東海道本線＞大阪駅,,station/5756
月島,162,市区郡から探す＞東京都＞中央区,,tokyo-searchfromcitycounty/chuo-ku
新橋,162,市区郡から探す＞東京都＞港区,,tokyo-searchfromcitycounty/minato-ku
東京都北区,162,市区郡から探す＞東京都＞北区,,tokyo-searchfromcitycounty/kita-ku
流山,162,市区郡から探す＞千葉県＞流山市,,chiba/nagareyama
イチゴ,161,,誕生日ケーキ・ホールケーキ＞ショートケーキ＞イチゴ・ベリー,genre_id=199
清澄白河,161,市区郡から探す＞東京都＞江東区,,tokyo-searchfromcitycounty/kotoward
町田市,161,市区郡から探す＞東京都＞町田市,,tokyo-searchfromcitycounty/machida-shi
フルーツ,160,,誕生日ケーキ・ホールケーキ＞ショートケーキ＞フルーツ,genre_id=200
いちご,159,,誕生日ケーキ・ホールケーキ＞ショートケーキ＞イチゴ・ベリー,genre_id=199
市川市,159,市区郡から探す＞千葉県＞市川市,,chiba/ichigawacity
日本橋,157,市区郡から探す＞東京都＞中央区,,tokyo-searchfromcitycounty/chuo-ku
池袋駅,156,市区郡から探す＞東京都＞豊島区,,tokyo-searchfromcitycounty/toshimaward
表参道,156,市区郡から探す＞東京都＞渋谷区,,tokyo-searchfromcitycounty/shibuyaward
府中,156,市区郡から探す＞東京都＞府中市,,tokyo-searchfromcitycounty/fuchu-shi
伊勢崎市,155,市区郡から探す＞群馬県＞伊勢崎市,,gunma/isezaki
板橋区,155,市区郡から探す＞東京都＞板橋区,,tokyo-searchfromcitycounty/itabashi-ku
飯田橋,155,市区郡から探す＞東京都＞千代田区,,tokyo-searchfromcitycounty/chiyodaward
厚木,154,市区郡から探す＞神奈川県＞厚木市,,kanagawa/atsugi
大宮駅,154,市区郡から探す＞埼玉県＞さいたま市大宮区,,saitama/saitamacityomiyaku
谷町六丁目,153,路線・駅から探す＞大阪府＞谷町線＞谷町六丁目駅,,station/5878
武庫之荘,151,市区郡から探す＞兵庫県＞尼崎市,,hyogo/amagasaki
池ノ上,150,市区郡から探す＞東京都＞世田谷区,,tokyo-searchfromcitycounty/setagaya
小平市,149,市区郡から探す＞東京都＞小平市,,tokyo-searchfromcitycounty/kodaira
新所沢,149,市区郡から探す＞埼玉県＞所沢市,,saitama/tokorozawa
チョコ,148,,誕生日ケーキ・ホールケーキ＞チョコレートケーキ,genre_id=15
神戸,148,市区郡から探す＞兵庫県＞神戸市,,hyogo/kobecity
川崎市,148,市区郡から探す＞神奈川県＞川崎市,,kanagawa/kawasakicity
ひたちなか市,147,市区郡から探す＞茨城県＞ひたちなか市,,ibaraki/hitachinaka
高槻市,147,市区郡から探す＞大阪府＞高槻市,,osaka/takatsuki-shi
小平,147,市区郡から探す＞東京都＞小平市,,tokyo-searchfromcitycounty/kodaira
都島区,146,市区郡から探す＞大阪府＞大阪市,,osaka/osaka-shi
姫路市,146,市区郡から探す＞兵庫県＞姫路市,,hyogo/himejicity
クリスマス,144,,季節・イベントケーキ＞クリスマスケーキ＞全て,genre_id=48
千葉,143,市区郡から探す＞千葉県＞全て,,chiba
福山市,143,市区郡から探す＞広島県＞福山市,,hiroshima/fukuyama
京都,142,市区郡から探す＞京都府＞全て,,kyoto
越谷市,141,市区郡から探す＞埼玉県＞越谷市,,saitama/koshigaya
幸手,141,市区郡から探す＞埼玉県＞幸手市,,saitama/satte
武蔵境,141,市区郡から探す＞東京都＞武蔵野市,,tokyo-searchfromcitycounty/musashino
熊取,140,路線・駅から探す＞大阪府＞阪和線＞熊取駅,,station/5833
日吉,140,市区郡から探す＞神奈川県＞横浜市港北区,,kanagawa/kohokukuyokohama
芦屋駅,139,市区郡から探す＞兵庫県＞芦屋市,,hyogo/ashiya-shi
江坂,139,市区郡から探す＞大阪府＞吹田市,,osaka/suita-shi
座間,139,市区郡から探す＞神奈川県＞座間市,,kanagawa/zamacity
焼き菓子,139,,詰め合わせ＞焼き菓子,genre_id=402
高円寺,138,市区郡から探す＞東京都＞杉並区,,tokyo-searchfromcitycounty/suginami
浦安,137,市区郡から探す＞千葉県＞浦安市,,chiba/urayasucity
代官山,137,市区郡から探す＞東京都＞渋谷区,,tokyo-searchfromcitycounty/shibuyaward
中野,136,市区郡から探す＞東京都＞中野区,,tokyo-searchfromcitycounty/nakano
本八幡,136,市区郡から探す＞千葉県＞市川市,,chiba/ichigawacity
新鎌ヶ谷,135,市区郡から探す＞千葉県＞鎌ヶ谷市,,chiba/kamagaya-shi
南大沢,135,市区郡から探す＞東京都＞八王子市,,tokyo-searchfromcitycounty/hachiojicity
チョコレート,134,,誕生日ケーキ・ホールケーキ＞チョコレートケーキ,genre_id=15
東京都中央区,133,市区郡から探す＞東京都＞中央区,,tokyo-searchfromcitycounty/chuo-ku
八幡西区,133,市区郡から探す＞福岡県＞北九州市,,fukuoka/kitakyushu
福山,133,市区郡から探す＞広島県＞福山市,,hiroshima/fukuyama
藤沢市,132,市区郡から探す＞神奈川県＞藤沢市,,kanagawa/fujisawa
尼崎市,132,市区郡から探す＞兵庫県＞尼崎市,,hyogo/amagasaki
和光市,132,市区郡から探す＞埼玉県＞和光市,,saitama/wako-shi
旭川,130,市区郡から探す＞北海道＞旭川市,,hokkaido/asahikawa
三鷹,130,市区郡から探す＞東京都＞三鷹市,,tokyo-searchfromcitycounty/mitaka
京都市,129,市区郡から探す＞京都府＞京都市,,kyoto/kyotocity
広島,129,市区郡から探す＞広島県＞全て,,hiroshima
三郷,129,市区郡から探す＞埼玉県＞三郷市,,saitama/misato-shi
大井町,129,市区郡から探す＞東京都＞品川区,,tokyo-searchfromcitycounty/shinagawa-ku
東十条,129,市区郡から探す＞東京都＞北区,,tokyo-searchfromcitycounty/kita-ku
東川口,129,市区郡から探す＞埼玉県＞川口市,,saitama/kawaguchicity
名古屋駅,129,路線・駅から探す＞愛知県＞東海道本線＞名古屋駅,,station/4727
目黒,129,市区郡から探す＞東京都＞目黒区,,tokyo-searchfromcitycounty/meguro
横須賀,128,市区郡から探す＞神奈川県＞横須賀市,,kanagawa/yokosuka
広島市,127,市区郡から探す＞広島県＞広島市,,hiroshima/hiroshimacity
川西市,126,市区郡から探す＞兵庫県＞川西市,,hyogo/kawanishicity
倉敷,126,市区郡から探す＞岡山県＞倉敷市,,okayama/kurashiki
東武練馬,126,路線・駅から探す＞東京都＞東武東上線＞東武練馬駅,,station/2794
箕面,126,市区郡から探す＞大阪府＞箕面市,,osaka/minoh
渋谷駅,125,路線・駅から探す＞東京都＞山手線＞渋谷駅,,station/2424
吹田市,125,市区郡から探す＞大阪府＞吹田市,,osaka/suita-shi
さいたま市西区,124,市区郡から探す＞埼玉県＞さいたま市西区,,saitama/saitama-shinishi-ku
岐阜,124,市区郡から探す＞岐阜県＞全て,,gifu
大泉学園,124,路線・駅から探す＞東京都＞西武池袋線＞大泉学園駅,,station/2805
豊橋市,124,市区郡から探す＞愛知県＞豊橋市,,aichi/toyohashi
蓮田,124,市区郡から探す＞埼玉県＞蓮田市,,saitama/hasuda-shi
小岩,123,市区郡から探す＞東京都＞江戸川区,,tokyo-searchfromcitycounty/edogawa-ku
福岡,123,市区郡から探す＞福岡県＞全て,,fukuoka
チーズ,122,,誕生日ケーキ・ホールケーキ＞チーズケーキ,genre_id=17
山科,122,市区郡から探す＞京都府＞京都市,,kyoto/kyotocity
草加,122,市区郡から探す＞埼玉県＞草加市,,saitama/soka
朝霞,122,市区郡から探す＞埼玉県＞朝霞市,,saitama/asaka
寝屋川市,120,市区郡から探す＞大阪府＞寝屋川市,,osaka/neyagawa-shi
川越市,120,市区郡から探す＞埼玉県＞川越市,,saitama/kawagoe-shi
生駒,119,市区郡から探す＞奈良県＞生駒市,,nara/ikoma-shi
日暮里,119,市区郡から探す＞東京都＞荒川区,,tokyo-searchfromcitycounty/arakawa-ku
博多,118,市区郡から探す＞福岡県＞福岡市,,fukuoka/fukuokacity
住吉区,117,市区郡から探す＞大阪府＞大阪市,,osaka/osaka-shi
春日井,117,市区郡から探す＞愛知県＞春日井市,,aichi/kasugai
門前仲町,117,市区郡から探す＞東京都＞江東区,,tokyo-searchfromcitycounty/kotoward
六本木,117,市区郡から探す＞東京都＞港区,,tokyo-searchfromcitycounty/minato-ku
東大和,116,市区郡から探す＞東京都＞東大和市,,tokyo-searchfromcitycounty/higashiyamasa
幡ヶ谷,116,市区郡から探す＞東京都＞渋谷区,,tokyo-searchfromcitycounty/shibuyaward
おゆみ野,115,市区郡から探す＞千葉県＞千葉市,,chiba/chiba-shi
中目黒,115,市区郡から探す＞東京都＞目黒区,,tokyo-searchfromcitycounty/meguro
高田馬場,114,市区郡から探す＞東京都＞新宿区,,tokyo-searchfromcitycounty/shinjukuward
佐賀,114,市区郡から探す＞佐賀県＞全て,,saga
沖縄県,113,市区郡から探す＞沖縄県＞全て,,okinawa
宮原,113,市区郡から探す＞埼玉県＞さいたま市北区,,saitama/saitama-shikita-ku
多摩市,113,市区郡から探す＞東京都＞多摩市,,tokyo-searchfromcitycounty/tamacity
立石,113,市区郡から探す＞東京都＞葛飾区,,tokyo-searchfromcitycounty/katsushika
亀有,112,市区郡から探す＞東京都＞葛飾区,,tokyo-searchfromcitycounty/katsushika
八戸ノ里,112,路線・駅から探す＞大阪府＞近鉄奈良線＞八戸ノ里駅,,station/5959
アップルパイ,111,,誕生日ケーキ・ホールケーキ＞パイ＞アップルパイ,genre_id=255
御殿場,110,市区郡から探す＞静岡県＞御殿場市,,shizuoka/gotemba
高津,110,市区郡から探す＞神奈川県＞川崎市,,kanagawa/kawasakicity
代々木上原,110,市区郡から探す＞東京都＞渋谷区,,tokyo-searchfromcitycounty/shibuyaward
和歌山,110,市区郡から探す＞和歌山県＞全て,,wakayama
秦野市,109,市区郡から探す＞神奈川県＞秦野市,,kanagawa/hatano
センター南,108,市区郡から探す＞神奈川県＞横浜市都筑区,,kanagawa/yokohamacitytsuzuki-ku
栄,108,市区郡から探す＞愛知県＞名古屋市,,aichi/nagoyacity
松屋町,108,市区郡から探す＞大阪府＞大阪市,,osaka/osaka-shi
千葉寺,108,市区郡から探す＞千葉県＞千葉市,,chiba/chiba-shi
福岡市東区,108,市区郡から探す＞福岡県＞福岡市,,fukuoka/fukuokacity
みなとみらい,107,路線・駅から探す＞神奈川県＞みなとみらい線＞みなとみらい駅,,station/3399
経堂,107,市区郡から探す＞東京都＞世田谷区,,tokyo-searchfromcitycounty/setagaya
小山市,107,市区郡から探す＞栃木県＞小山市,,tochigi/oyama
焼津,107,市区郡から探す＞静岡県＞焼津市,,shizuoka/yaizu
大府,106,市区郡から探す＞愛知県＞大府市,,aichi/ouchi-shi
長津田,106,市区郡から探す＞神奈川県＞横浜市緑区,,kanagawa/yokohamacitygreenarea
津田沼,106,市区郡から探す＞千葉県＞習志野市,,chiba/narashino-shi
東大和市,106,市区郡から探す＞東京都＞東大和市,,tokyo-searchfromcitycounty/higashiyamasa
アイスケーキ,105,,誕生日ケーキ・ホールケーキ＞アイスケーキ,genre_id=26
フルーツタルト,105,,誕生日ケーキ・ホールケーキ＞タルト＞フルーツ,genre_id=248
愛知県,105,市区郡から探す＞愛知県＞全て,,aichi
寝屋川,105,市区郡から探す＞大阪府＞寝屋川市,,osaka/neyagawa-shi
大船,105,市区郡から探す＞神奈川県＞鎌倉市,,kanagawa/kamakuracity
日野市,105,市区郡から探す＞東京都＞日野市,,tokyo-searchfromcitycounty/hino
名東区,105,市区郡から探す＞愛知県＞名古屋市,,aichi/nagoyacity
チョコレートケーキ,104,,誕生日ケーキ・ホールケーキ＞チョコレートケーキ,genre_id=15
市原市,104,市区郡から探す＞千葉県＞市原市,,chiba/ichihara
杉並区,104,市区郡から探す＞東京都＞杉並区,,tokyo-searchfromcitycounty/suginami
世田谷,104,市区郡から探す＞東京都＞世田谷区,,tokyo-searchfromcitycounty/setagaya
太田市,104,市区郡から探す＞群馬県＞太田市,,gunma/ota-shi
大和市,104,市区郡から探す＞神奈川県＞大和市,,kanagawa/yamato-shi
奈良県,104,市区郡から探す＞奈良県＞全て,,nara
つくば市,103,市区郡から探す＞茨城県＞つくば市,,ibaraki/tsukubacity
甲子園,103,市区郡から探す＞兵庫県＞西宮市,,hyogo/nishinomiya
堺,103,市区郡から探す＞大阪府＞堺市,,osaka/sakai
東大阪,103,市区郡から探す＞大阪府＞東大阪市,,osaka/higashiosakacity
和歌山市,103,市区郡から探す＞和歌山県＞和歌山市,,wakayama/wakayama-shi
松戸市,102,市区郡から探す＞千葉県＞松戸市,,chiba/matsudo-shi
前橋,102,市区郡から探す＞群馬県＞前橋市,,gunma/maebashi
八千代,102,市区郡から探す＞千葉県＞八千代市,,chiba/yachiyo
八潮,102,市区郡から探す＞埼玉県＞八潮市,,saitama/yashiocity
シフォン,100,,誕生日ケーキ・ホールケーキ＞シフォンケーキ,genre_id=16
岡山,100,市区郡から探す＞岡山県＞全て,,okayama
高崎,100,市区郡から探す＞群馬県＞高崎市,,gunma/takasaki
大森,100,市区郡から探す＞東京都＞大田区,,tokyo-searchfromcitycounty/ota-ku
